level	formulation_recall	formulation_precision
Level_1_strict	0.3228346456692913	0.65625
Level_2_core_fields	0.3228346456692913	0.65625
Level_3_minimal	0.3228346456692913	0.65625
