{
  "table_of_contents": [
    {
      "title": "Research paper",
      "heading_level": null,
      "page_id": 0,
      "polygon": [
        [
          255.0830078125,
          129.387451171875
        ],
        [
          330.66845703125,
          129.387451171875
        ],
        [
          330.66845703125,
          141.342529296875
        ],
        [
          255.0830078125,
          141.342529296875
        ]
      ]
    },
    {
      "title": "Development and characterization of PLGA nanospheres\nand nanocapsules containing xanthone and 3-methoxyxanthone",
      "heading_level": null,
      "page_id": 0,
      "polygon": [
        [
          74.375,
          147.4906005859375
        ],
        [
          511.328125,
          147.4906005859375
        ],
        [
          511.328125,
          184.3831787109375
        ],
        [
          74.375,
          184.3831787109375
        ]
      ]
    },
    {
      "title": "Abstract",
      "heading_level": null,
      "page_id": 0,
      "polygon": [
        [
          41.2548828125,
          315.9716796875
        ],
        [
          75.82950592041016,
          315.9716796875
        ],
        [
          75.82950592041016,
          326.1021728515625
        ],
        [
          41.2548828125,
          326.1021728515625
        ]
      ]
    },
    {
      "title": "1. Introduction",
      "heading_level": null,
      "page_id": 0,
      "polygon": [
        [
          42.51969909667969,
          563.3212890625
        ],
        [
          107.22380065917969,
          563.3212890625
        ],
        [
          107.22380065917969,
          575.1591796875
        ],
        [
          42.51969909667969,
          575.1591796875
        ]
      ]
    }
  ],
  "page_stats": [
    {
      "page_id": 0,
      "text_extraction_method": "pdftext",
      "block_counts": [
        [
          "Span",
          185
        ],
        [
          "Line",
          62
        ],
        [
          "Text",
          13
        ],
        [
          "SectionHeader",
          4
        ],
        [
          "Picture",
          2
        ],
        [
          "PageHeader",
          1
        ],
        [
          "Footnote",
          1
        ],
        [
          "PageFooter",
          1
        ]
      ],
      "block_metadata": {
        "llm_request_count": 0,
        "llm_error_count": 0,
        "llm_tokens_used": 0,
        "previous_text": "",
        "previous_type": "",
        "previous_order": 0
      }
    }
  ],
  "debug_data_path": "debug_data/Teixeira et al. - 2005 - Development and characterization of PLGA nanospheres and nanocapsules containing xanthone and 3-meth"
}