filter	extracted_rows	recall	precision
A_n_core_ge_1	92	0.5354330708661418	0.391304347826087
B_n_core_ge_2	91	0.5354330708661418	0.3956043956043956
C_n_core_ge_3	74	0.3228346456692913	0.32432432432432434
B_n_core_ge_2_plus_consolidation	91	0.5354330708661418	0.3956043956043956
