doi_norm	ee_mean_abs_diff	curated_rows	extracted_rows	curated_ee_mean	extracted_ee_mean	curated_ee_n	extracted_ee_n
10.1016/j.ejpb.2004.09.002	31.16666666666667	2	8	37.25	68.41666666666667	2	6
10.1039/c5ra27386b	23.471666666666668	1	6	3.12	26.59166666666667	1	6
10.1089/jamp.2009.0759	19.099999999999998	1	2	25.2	44.3	1	2
